hotel_id,city,year,month,weekend,holiday,nnights,neighbourhood,stars,price,ratings,rating_count,distance,ratingta
21897,Vienna,2017,12,0,1,1,17. Hernals,4.0,97,3.9,189.0,1.7,3.5
21897,Vienna,2017,12,0,1,4,17. Hernals,4.0,510,3.9,189.0,1.7,3.5
21901,Vienna,2017,12,0,1,1,Alsergrund,4.0,109,3.7,53.0,1.4,3.5
21901,Vienna,2017,12,0,1,4,Alsergrund,4.0,598,3.7,53.0,1.4,3.5
21902,Vienna,2017,12,0,1,1,Alsergrund,3.0,105,4.0,55.0,1.7,4.0
21902,Vienna,2017,12,0,1,4,Alsergrund,3.0,458,4.0,55.0,1.7,4.0
21903,Vienna,2017,12,0,1,1,Alsergrund,4.0,88,3.9,33.0,1.2,3.5
21903,Vienna,2017,12,0,1,4,Alsergrund,4.0,432,3.9,33.0,1.2,3.5
21906,Vienna,2017,12,0,1,1,Alsergrund,4.0,103,3.9,57.0,0.9,3.5
21907,Vienna,2017,12,0,1,1,Alsergrund,4.0,150,4.6,161.0,1.0,4.5
21907,Vienna,2017,12,0,1,4,Alsergrund,4.0,751,4.6,161.0,1.0,4.5
21908,Vienna,2017,12,0,1,1,Alsergrund,2.0,84,3.5,50.0,0.7,3.5
21909,Vienna,2017,12,0,1,1,Alsergrund,3.0,65,5.0,1.0,1.3,3.0
21912,Vienna,2017,12,0,1,1,Alsergrund,4.0,95,4.1,203.0,1.1,4.0
21913,Vienna,2017,12,0,1,1,Alsergrund,4.0,128,4.0,251.0,0.8,4.0
21913,Vienna,2017,12,0,1,4,Alsergrund,4.0,704,4.0,251.0,0.8,4.0
21917,Vienna,2017,12,0,1,1,Alsergrund,4.0,85,4.1,18.0,1.7,4.0
21917,Vienna,2017,12,0,1,4,Alsergrund,4.0,459,4.1,18.0,1.7,4.0
21918,Vienna,2017,12,0,1,1,Alsergrund,3.0,90,3.7,20.0,0.9,3.5
21918,Vienna,2017,12,0,1,4,Alsergrund,3.0,407,3.7,20.0,0.9,3.5
21919,Vienna,2017,12,0,1,1,Alsergrund,3.0,84,3.9,77.0,0.8,3.5
21920,Vienna,2017,12,0,1,1,Alsergrund,3.0,95,4.0,76.0,0.9,3.5
21920,Vienna,2017,12,0,1,4,Alsergrund,3.0,501,4.0,76.0,0.9,3.5
21923,Vienna,2017,12,0,1,1,Donaustadt,5.0,182,4.4,369.0,2.4,4.5
21923,Vienna,2017,12,0,1,4,Donaustadt,5.0,752,4.4,369.0,2.4,4.5
21924,Vienna,2017,12,0,1,1,Donaustadt,3.0,86,3.9,77.0,4.2,4.0
21924,Vienna,2017,12,0,1,4,Donaustadt,3.0,436,3.9,77.0,4.2,4.0
21925,Vienna,2017,12,0,1,1,Donaustadt,3.0,77,2.7,193.0,3.9,3.0
21925,Vienna,2017,12,0,1,4,Donaustadt,3.0,785,2.7,193.0,3.9,3.0
21926,Vienna,2017,12,0,1,1,Donaustadt,4.0,75,4.3,94.0,3.6,4.0
21929,Vienna,2017,12,0,1,1,Donaustadt,4.0,97,4.3,115.0,2.8,4.0
21929,Vienna,2017,12,0,1,4,Donaustadt,4.0,426,4.3,115.0,2.8,4.0
21930,Vienna,2017,12,0,1,1,Donaustadt,4.0,93,4.1,178.0,2.9,4.0
21930,Vienna,2017,12,0,1,4,Donaustadt,4.0,464,4.1,178.0,2.9,4.0
21931,Vienna,2017,12,0,1,1,Donaustadt,4.5,105,4.1,240.0,2.6,4.0
21931,Vienna,2017,12,0,1,4,Donaustadt,4.5,473,4.1,240.0,2.6,4.0
21932,Vienna,2017,12,0,1,1,Donaustadt,4.0,95,4.0,27.0,3.7,
21932,Vienna,2017,12,0,1,4,Donaustadt,4.0,310,4.0,27.0,3.7,
21933,Vienna,2017,12,0,1,1,Donaustadt,3.0,87,3.7,330.0,3.4,3.5
21933,Vienna,2017,12,0,1,4,Donaustadt,3.0,390,3.7,330.0,3.4,3.5
21935,Vienna,2017,12,0,1,1,Favoriten,3.0,75,3.5,194.0,2.0,4.0
21940,Vienna,2017,12,0,1,1,Favoriten,3.5,99,4.4,441.0,1.7,4.5
21940,Vienna,2017,12,0,1,4,Favoriten,3.5,399,4.4,441.0,1.7,4.5
21941,Vienna,2017,12,0,1,1,Favoriten,3.5,75,4.4,1122.0,1.7,4.5
21941,Vienna,2017,12,0,1,4,Favoriten,3.5,403,4.4,1122.0,1.7,4.5
21943,Vienna,2017,12,0,1,1,Favoriten,3.0,78,4.4,362.0,2.1,4.0
21943,Vienna,2017,12,0,1,4,Favoriten,3.0,365,4.4,362.0,2.1,4.0
21946,Vienna,2017,12,0,1,1,Favoriten,4.0,91,4.5,525.0,1.9,4.5
21946,Vienna,2017,12,0,1,4,Favoriten,4.0,395,4.5,525.0,1.9,4.5
21948,Vienna,2017,12,0,1,1,Favoriten,2.0,56,2.0,113.0,2.0,3.0
21948,Vienna,2017,12,0,1,4,Favoriten,2.0,283,2.0,113.0,2.0,3.0
21956,Vienna,2017,12,0,1,1,Favoriten,2.0,35,3.4,366.0,1.8,3.5
21956,Vienna,2017,12,0,1,4,Favoriten,2.0,225,3.4,366.0,1.8,3.5
21957,Vienna,2017,12,0,1,1,Favoriten,4.0,91,4.3,275.0,1.8,4.5
21957,Vienna,2017,12,0,1,4,Favoriten,4.0,476,4.3,275.0,1.8,4.5
21959,Vienna,2017,12,0,1,1,Favoriten,4.0,71,4.0,821.0,1.7,4.0
21959,Vienna,2017,12,0,1,4,Favoriten,4.0,386,4.0,821.0,1.7,4.0
21964,Vienna,2017,12,0,1,1,Fischamend,3.0,59,3.0,366.0,13.0,2.5
21964,Vienna,2017,12,0,1,4,Fischamend,3.0,247,3.0,366.0,13.0,2.5
21965,Vienna,2017,12,0,1,1,Graben,3.0,154,4.4,77.0,0.2,4.0
21965,Vienna,2017,12,0,1,4,Graben,3.0,808,4.4,77.0,0.2,4.0
21967,Vienna,2017,12,0,1,1,Graben,5.0,299,4.5,144.0,0.1,4.5
21968,Vienna,2017,12,0,1,1,Innere Stadt,3.0,161,4.5,184.0,0.3,4.5
21969,Vienna,2017,12,0,1,1,Innere Stadt,5.0,708,4.8,78.0,0.3,5.0
21969,Vienna,2017,12,0,1,4,Innere Stadt,5.0,4690,4.8,78.0,0.3,5.0
21970,Vienna,2017,12,0,1,1,Innere Stadt,4.0,156,4.3,319.0,0.3,4.0
21970,Vienna,2017,12,0,1,4,Innere Stadt,4.0,606,4.3,319.0,0.3,4.0
21971,Vienna,2017,12,0,1,4,Innere Stadt,4.0,752,4.1,73.0,0.5,3.5
21972,Vienna,2017,12,0,1,1,Innere Stadt,4.0,265,4.5,81.0,0.3,4.5
21975,Vienna,2017,12,0,1,1,Innere Stadt,4.0,197,4.3,211.0,0.1,4.5
21975,Vienna,2017,12,0,1,4,Innere Stadt,4.0,1054,4.3,211.0,0.1,4.5
21976,Vienna,2017,12,0,1,1,Innere Stadt,5.0,922,4.5,5.0,0.3,4.5
21976,Vienna,2017,12,0,1,4,Innere Stadt,5.0,4006,4.5,5.0,0.3,4.5
21977,Vienna,2017,12,0,1,1,Innere Stadt,4.0,147,4.5,316.0,0.2,4.5
21977,Vienna,2017,12,0,1,4,Innere Stadt,4.0,912,4.5,316.0,0.2,4.5
21980,Vienna,2017,12,0,1,1,Innere Stadt,4.0,146,4.4,336.0,0.1,4.0
21980,Vienna,2017,12,0,1,4,Innere Stadt,4.0,1236,4.4,336.0,0.1,4.0
21982,Vienna,2017,12,0,1,1,Innere Stadt,3.0,123,4.5,512.0,0.5,4.5
21985,Vienna,2017,12,0,1,1,Innere Stadt,3.5,155,4.5,140.0,0.3,4.5
21985,Vienna,2017,12,0,1,4,Innere Stadt,3.5,813,4.5,140.0,0.3,4.5
21986,Vienna,2017,12,0,1,1,Innere Stadt,4.0,138,4.0,391.0,0.2,4.0
21986,Vienna,2017,12,0,1,4,Innere Stadt,4.0,808,4.0,391.0,0.2,4.0
21987,Vienna,2017,12,0,1,1,Innere Stadt,3.0,138,3.9,320.0,0.3,3.5
21987,Vienna,2017,12,0,1,4,Innere Stadt,3.0,680,3.9,320.0,0.3,3.5
21988,Vienna,2017,12,0,1,4,Innere Stadt,3.0,710,4.4,21.0,0.4,4.5
21989,Vienna,2017,12,0,1,4,Innere Stadt,5.0,1880,4.8,193.0,0.3,5.0
21995,Vienna,2017,12,0,1,4,Innere Stadt,4.0,791,4.0,505.0,0.2,4.0
21996,Vienna,2017,12,0,1,1,Innere Stadt,4.0,138,4.3,386.0,0.3,4.0
21996,Vienna,2017,12,0,1,4,Innere Stadt,4.0,837,4.3,386.0,0.3,4.0
21998,Vienna,2017,12,0,1,1,Innere Stadt,4.5,227,4.5,626.0,0.3,4.5
21998,Vienna,2017,12,0,1,4,Innere Stadt,4.5,1370,4.5,626.0,0.3,4.5
21999,Vienna,2017,12,0,1,1,Innere Stadt,5.0,277,4.4,334.0,0.3,4.5
21999,Vienna,2017,12,0,1,4,Innere Stadt,5.0,1307,4.4,334.0,0.3,4.5
22006,Vienna,2017,12,0,1,1,Innere Stadt,5.0,498,4.8,150.0,0.5,4.5
22006,Vienna,2017,12,0,1,4,Innere Stadt,5.0,4528,4.8,150.0,0.5,4.5
22007,Vienna,2017,12,0,1,1,Innere Stadt,5.0,282,4.6,531.0,0.5,4.5
22008,Vienna,2017,12,0,1,1,Innere Stadt,5.0,363,4.5,253.0,0.5,4.5
22009,Vienna,2017,12,0,1,1,Innere Stadt,3.0,168,4.3,47.0,0.3,4.0
22012,Vienna,2017,12,0,1,1,Innere Stadt,4.0,281,4.5,115.0,0.1,4.5
22012,Vienna,2017,12,0,1,4,Innere Stadt,4.0,1239,4.5,115.0,0.1,4.5
22013,Vienna,2017,12,0,1,1,Innere Stadt,3.0,147,3.9,110.0,0.3,3.5
22013,Vienna,2017,12,0,1,4,Innere Stadt,3.0,703,3.9,110.0,0.3,3.5
22016,Vienna,2017,12,0,1,1,Innere Stadt,4.0,163,4.4,467.0,0.5,4.5
22018,Vienna,2017,12,0,1,1,Innere Stadt,4.0,176,4.5,650.0,0.7,4.5
22018,Vienna,2017,12,0,1,4,Innere Stadt,4.0,860,4.5,650.0,0.7,4.5
22019,Vienna,2017,12,0,1,4,Innere Stadt,4.0,763,4.5,95.0,0.3,4.5
22020,Vienna,2017,12,0,1,1,Innere Stadt,5.0,263,4.3,564.0,0.4,4.0
22020,Vienna,2017,12,0,1,4,Innere Stadt,5.0,1318,4.3,564.0,0.4,4.0
22021,Vienna,2017,12,0,1,1,Innere Stadt,4.0,157,4.1,168.0,0.1,4.0
22021,Vienna,2017,12,0,1,4,Innere Stadt,4.0,962,4.1,168.0,0.1,4.0
22023,Vienna,2017,12,0,1,1,Innere Stadt,3.0,99,3.5,175.0,0.3,3.5
22026,Vienna,2017,12,0,1,1,Innere Stadt,4.0,127,4.0,426.0,0.8,4.0
22026,Vienna,2017,12,0,1,4,Innere Stadt,4.0,690,4.0,426.0,0.8,4.0
22028,Vienna,2017,12,0,1,1,Innere Stadt,4.0,133,4.1,148.0,0.4,4.0
22028,Vienna,2017,12,0,1,4,Innere Stadt,4.0,628,4.1,148.0,0.4,4.0
22030,Vienna,2017,12,0,1,1,Innere Stadt,5.0,284,4.3,493.0,0.5,4.5
22030,Vienna,2017,12,0,1,4,Innere Stadt,5.0,1216,4.3,493.0,0.5,4.5
22031,Vienna,2017,12,0,1,1,Innere Stadt,4.0,275,4.4,56.0,0.1,4.5
22031,Vienna,2017,12,0,1,4,Innere Stadt,4.0,1266,4.4,56.0,0.1,4.5
22032,Vienna,2017,12,0,1,1,Innere Stadt,4.0,122,4.4,247.0,0.4,4.5
22032,Vienna,2017,12,0,1,4,Innere Stadt,4.0,766,4.4,247.0,0.4,4.5
22035,Vienna,2017,12,0,1,1,Innere Stadt,5.0,299,4.5,599.0,0.6,4.5
22035,Vienna,2017,12,0,1,4,Innere Stadt,5.0,954,4.5,599.0,0.6,4.5
22036,Vienna,2017,12,0,1,1,Innere Stadt,5.0,444,4.8,258.0,0.6,5.0
22036,Vienna,2017,12,0,1,4,Innere Stadt,5.0,2182,4.8,258.0,0.6,5.0
22037,Vienna,2017,12,0,1,1,Innere Stadt,4.0,166,4.3,703.0,0.6,4.0
22037,Vienna,2017,12,0,1,4,Innere Stadt,4.0,659,4.3,703.0,0.6,4.0
22038,Vienna,2017,12,0,1,1,Innere Stadt,5.0,217,4.1,230.0,0.5,4.0
22038,Vienna,2017,12,0,1,4,Innere Stadt,5.0,868,4.1,230.0,0.5,4.0
22039,Vienna,2017,12,0,1,1,Innere Stadt,5.0,543,4.6,112.0,0.5,4.5
22039,Vienna,2017,12,0,1,4,Innere Stadt,5.0,2536,4.6,112.0,0.5,4.5
22042,Vienna,2017,12,0,1,4,Innere Stadt,4.0,971,4.5,81.0,0.3,4.5
22050,Vienna,2017,12,0,1,1,Innere Stadt,4.0,272,4.8,404.0,0.0,4.5
22050,Vienna,2017,12,0,1,4,Innere Stadt,4.0,1325,4.8,404.0,0.0,4.5
22051,Vienna,2017,12,0,1,1,Innere Stadt,4.0,223,3.5,123.0,0.5,3.5
22051,Vienna,2017,12,0,1,4,Innere Stadt,4.0,947,3.5,123.0,0.5,3.5
22052,Vienna,2017,12,0,1,1,Innere Stadt,4.0,196,4.4,653.0,0.3,4.5
22052,Vienna,2017,12,0,1,4,Innere Stadt,4.0,859,4.4,653.0,0.3,4.5
22054,Vienna,2017,12,0,1,4,Innere Stadt,4.0,600,4.0,388.0,0.5,4.0
22064,Vienna,2017,12,0,1,1,Josefstadt,3.0,74,3.5,102.0,1.4,3.5
22064,Vienna,2017,12,0,1,4,Josefstadt,3.0,409,3.5,102.0,1.4,3.5
22069,Vienna,2017,12,0,1,1,Josefstadt,5.0,144,4.1,298.0,0.8,4.0
22069,Vienna,2017,12,0,1,4,Josefstadt,5.0,740,4.1,298.0,0.8,4.0
22071,Vienna,2017,12,0,1,1,Josefstadt,3.0,110,4.1,354.0,0.9,4.0
22072,Vienna,2017,12,0,1,1,Josefstadt,3.0,88,4.4,92.0,0.9,4.0
22072,Vienna,2017,12,0,1,4,Josefstadt,3.0,543,4.4,92.0,0.9,4.0
22075,Vienna,2017,12,0,1,1,Josefstadt,3.0,79,3.9,128.0,1.6,4.0
22075,Vienna,2017,12,0,1,4,Josefstadt,3.0,511,3.9,128.0,1.6,4.0
22076,Vienna,2017,12,0,1,1,Josefstadt,4.0,119,4.0,530.0,0.9,4.0
22076,Vienna,2017,12,0,1,4,Josefstadt,4.0,562,4.0,530.0,0.9,4.0
22077,Vienna,2017,12,0,1,1,Josefstadt,4.0,141,4.3,342.0,0.9,4.0
22077,Vienna,2017,12,0,1,4,Josefstadt,4.0,737,4.3,342.0,0.9,4.0
22078,Vienna,2017,12,0,1,1,Josefstadt,4.0,142,4.0,194.0,1.0,4.0
22078,Vienna,2017,12,0,1,4,Josefstadt,4.0,650,4.0,194.0,1.0,4.0
22080,Vienna,2017,12,0,1,1,Josefstadt,3.0,65,3.2,63.0,1.1,3.0
22083,Vienna,2017,12,0,1,1,Josefstadt,2.0,76,3.9,30.0,0.9,4.0
22084,Vienna,2017,12,0,1,1,Josefstadt,3.0,106,4.1,169.0,1.0,4.0
22084,Vienna,2017,12,0,1,4,Josefstadt,3.0,709,4.1,169.0,1.0,4.0
22088,Vienna,2017,12,0,1,1,Josefstadt,4.0,115,4.5,765.0,0.9,4.5
22088,Vienna,2017,12,0,1,4,Josefstadt,4.0,597,4.5,765.0,0.9,4.5
22090,Vienna,2017,12,0,1,1,Josefstadt,3.0,91,3.7,43.0,0.9,3.5
22092,Vienna,2017,12,0,1,1,Kaerntner Strasse,5.0,439,4.5,78.0,0.4,4.5
22092,Vienna,2017,12,0,1,4,Kaerntner Strasse,5.0,2115,4.5,78.0,0.4,4.5
22093,Vienna,2017,12,0,1,1,Kaerntner Strasse,4.0,148,4.1,184.0,0.2,4.0
22093,Vienna,2017,12,0,1,4,Kaerntner Strasse,4.0,796,4.1,184.0,0.2,4.0
22094,Vienna,2017,12,0,1,1,Kaerntner Strasse,5.0,202,4.3,276.0,0.2,4.0
22095,Vienna,2017,12,0,1,1,Kaerntner Strasse,4.0,153,4.1,313.0,0.3,4.0
22095,Vienna,2017,12,0,1,4,Kaerntner Strasse,4.0,942,4.1,313.0,0.3,4.0
22097,Vienna,2017,12,0,1,1,Kaerntner Strasse,4.0,253,4.5,323.0,0.5,4.5
22097,Vienna,2017,12,0,1,4,Kaerntner Strasse,4.0,1093,4.5,323.0,0.5,4.5
22100,Vienna,2017,12,0,1,1,Kaerntner Strasse,5.0,621,4.8,140.0,0.4,5.0
22101,Vienna,2017,12,0,1,1,Kaerntner Strasse,4.0,142,4.4,512.0,0.1,4.0
22101,Vienna,2017,12,0,1,4,Kaerntner Strasse,4.0,712,4.4,512.0,0.1,4.0
22103,Vienna,2017,12,0,1,1,Kaerntner Strasse,4.0,191,4.5,214.0,0.1,4.5
22104,Vienna,2017,12,0,1,1,Landstrasse,4.0,130,4.3,340.0,0.6,4.5
22104,Vienna,2017,12,0,1,4,Landstrasse,4.0,655,4.3,340.0,0.6,4.5
22105,Vienna,2017,12,0,1,1,Landstrasse,5.0,149,4.1,538.0,0.5,4.0
22105,Vienna,2017,12,0,1,4,Landstrasse,5.0,652,4.1,538.0,0.5,4.0
22114,Vienna,2017,12,0,1,1,Landstrasse,5.0,188,4.3,152.0,0.5,4.0
22114,Vienna,2017,12,0,1,4,Landstrasse,5.0,703,4.3,152.0,0.5,4.0
22117,Vienna,2017,12,0,1,1,Landstrasse,4.0,113,4.0,181.0,1.4,4.0
22117,Vienna,2017,12,0,1,4,Landstrasse,4.0,674,4.0,181.0,1.4,4.0
22119,Vienna,2017,12,0,1,1,Landstrasse,3.0,70,3.9,160.0,1.8,3.5
22119,Vienna,2017,12,0,1,4,Landstrasse,3.0,543,3.9,160.0,1.8,3.5
22120,Vienna,2017,12,0,1,1,Landstrasse,4.0,101,4.1,303.0,0.8,4.0
22120,Vienna,2017,12,0,1,4,Landstrasse,4.0,480,4.1,303.0,0.8,4.0
22123,Vienna,2017,12,0,1,1,Landstrasse,4.0,109,4.1,173.0,1.5,4.0
22123,Vienna,2017,12,0,1,4,Landstrasse,4.0,480,4.1,173.0,1.5,4.0
22125,Vienna,2017,12,0,1,1,Landstrasse,3.0,104,3.4,114.0,0.7,3.0
22126,Vienna,2017,12,0,1,1,Landstrasse,3.5,123,4.3,249.0,0.9,4.5
22126,Vienna,2017,12,0,1,4,Landstrasse,3.5,721,4.3,249.0,0.9,4.5
22132,Vienna,2017,12,0,1,1,Landstrasse,4.5,129,4.1,497.0,1.0,4.0
22132,Vienna,2017,12,0,1,4,Landstrasse,4.5,581,4.1,497.0,1.0,4.0
22133,Vienna,2017,12,0,1,1,Landstrasse,4.0,119,4.0,364.0,1.0,4.0
22133,Vienna,2017,12,0,1,4,Landstrasse,4.0,522,4.0,364.0,1.0,4.0
22134,Vienna,2017,12,0,1,1,Landstrasse,4.5,111,4.5,503.0,1.1,4.5
22134,Vienna,2017,12,0,1,4,Landstrasse,4.5,522,4.5,503.0,1.1,4.5
22136,Vienna,2017,12,0,1,1,Landstrasse,3.0,110,3.7,109.0,1.3,3.5
22136,Vienna,2017,12,0,1,4,Landstrasse,3.0,534,3.7,109.0,1.3,3.5
22138,Vienna,2017,12,0,1,1,Landstrasse,4.0,137,4.3,171.0,0.6,4.5
22138,Vienna,2017,12,0,1,4,Landstrasse,4.0,866,4.3,171.0,0.6,4.5
22140,Vienna,2017,12,0,1,4,Landstrasse,4.0,735,3.7,79.0,1.3,3.5
22142,Vienna,2017,12,0,1,1,Landstrasse,4.0,143,4.1,281.0,1.0,4.0
22142,Vienna,2017,12,0,1,4,Landstrasse,4.0,726,4.1,281.0,1.0,4.0
22144,Vienna,2017,12,0,1,1,Leopoldstadt,4.0,123,4.1,267.0,0.6,4.0
22144,Vienna,2017,12,0,1,4,Leopoldstadt,4.0,657,4.1,267.0,0.6,4.0
22145,Vienna,2017,12,0,1,1,Leopoldstadt,3.0,99,4.5,183.0,1.5,4.5
22149,Vienna,2017,12,0,1,1,Leopoldstadt,4.0,82,4.0,136.0,1.8,3.5
22149,Vienna,2017,12,0,1,4,Leopoldstadt,4.0,367,4.0,136.0,1.8,3.5
22152,Vienna,2017,12,0,1,1,Leopoldstadt,3.0,75,3.4,242.0,1.0,3.0
22152,Vienna,2017,12,0,1,4,Leopoldstadt,3.0,358,3.4,242.0,1.0,3.0
22154,Vienna,2017,12,0,1,1,Leopoldstadt,4.0,76,4.0,327.0,1.0,4.0
22155,Vienna,2017,12,0,1,1,Leopoldstadt,3.5,145,4.0,16.0,0.6,4.5
22157,Vienna,2017,12,0,1,1,Leopoldstadt,3.0,124,3.7,122.0,0.9,4.0
22157,Vienna,2017,12,0,1,4,Leopoldstadt,3.0,615,3.7,122.0,0.9,4.0
22158,Vienna,2017,12,0,1,1,Leopoldstadt,4.0,101,4.0,250.0,0.5,4.0
22158,Vienna,2017,12,0,1,4,Leopoldstadt,4.0,507,4.0,250.0,0.5,4.0
22159,Vienna,2017,12,0,1,1,Leopoldstadt,4.0,133,4.5,603.0,1.0,4.5
22159,Vienna,2017,12,0,1,4,Leopoldstadt,4.0,691,4.5,603.0,1.0,4.5
22161,Vienna,2017,12,0,1,1,Leopoldstadt,2.0,54,3.5,52.0,1.5,4.0
22162,Vienna,2017,12,0,1,1,Leopoldstadt,3.0,74,3.9,152.0,1.5,4.0
22162,Vienna,2017,12,0,1,4,Leopoldstadt,3.0,318,3.9,152.0,1.5,4.0
22164,Vienna,2017,12,0,1,1,Leopoldstadt,5.0,777,1.0,1.0,0.7,5.0
22164,Vienna,2017,12,0,1,4,Leopoldstadt,5.0,3218,1.0,1.0,0.7,5.0
22166,Vienna,2017,12,0,1,1,Leopoldstadt,3.5,97,3.9,208.0,1.5,4.0
22166,Vienna,2017,12,0,1,4,Leopoldstadt,3.5,593,3.9,208.0,1.5,4.0
22168,Vienna,2017,12,0,1,1,Leopoldstadt,1.0,85,3.7,57.0,0.9,3.5
22168,Vienna,2017,12,0,1,4,Leopoldstadt,1.0,364,3.7,57.0,0.9,3.5
22169,Vienna,2017,12,0,1,1,Leopoldstadt,3.0,82,4.1,267.0,1.6,4.0
22169,Vienna,2017,12,0,1,4,Leopoldstadt,3.0,363,4.1,267.0,1.6,4.0
22170,Vienna,2017,12,0,1,1,Leopoldstadt,3.0,75,4.0,275.0,1.1,4.0
22170,Vienna,2017,12,0,1,4,Leopoldstadt,3.0,382,4.0,275.0,1.1,4.0
22175,Vienna,2017,12,0,1,1,Leopoldstadt,5.0,268,4.5,240.0,0.4,4.5
22175,Vienna,2017,12,0,1,4,Leopoldstadt,5.0,1110,4.5,240.0,0.4,4.5
22176,Vienna,2017,12,0,1,1,Leopoldstadt,3.0,148,4.5,374.0,0.8,4.5
22177,Vienna,2017,12,0,1,1,Leopoldstadt,3.0,116,4.5,468.0,1.0,4.5
22177,Vienna,2017,12,0,1,4,Leopoldstadt,3.0,664,4.5,468.0,1.0,4.5
22179,Vienna,2017,12,0,1,1,Leopoldstadt,3.0,94,4.1,422.0,1.6,4.0
22179,Vienna,2017,12,0,1,4,Leopoldstadt,3.0,450,4.1,422.0,1.6,4.0
22180,Vienna,2017,12,0,1,1,Leopoldstadt,2.0,85,4.0,307.0,0.9,4.0
22182,Vienna,2017,12,0,1,1,Leopoldstadt,4.0,123,4.1,527.0,0.8,4.0
22182,Vienna,2017,12,0,1,4,Leopoldstadt,4.0,599,4.1,527.0,0.8,4.0
22183,Vienna,2017,12,0,1,1,Leopoldstadt,4.0,100,4.0,637.0,0.8,4.0
22183,Vienna,2017,12,0,1,4,Leopoldstadt,4.0,522,4.0,637.0,0.8,4.0
22184,Vienna,2017,12,0,1,1,Leopoldstadt,3.0,85,4.1,461.0,0.7,4.0
22185,Vienna,2017,12,0,1,1,Leopoldstadt,3.0,112,2.2,3.0,0.8,4.0
22185,Vienna,2017,12,0,1,4,Leopoldstadt,3.0,461,2.2,3.0,0.8,4.0
22187,Vienna,2017,12,0,1,4,Leopoldstadt,4.0,750,4.6,104.0,0.5,4.5
22188,Vienna,2017,12,0,1,1,Leopoldstadt,3.0,94,3.5,90.0,0.9,3.5
22189,Vienna,2017,12,0,1,1,Leopoldstadt,4.0,168,4.4,75.0,0.5,4.5
22189,Vienna,2017,12,0,1,4,Leopoldstadt,4.0,728,4.4,75.0,0.5,4.5
22190,Vienna,2017,12,0,1,1,Leopoldstadt,4.0,80,4.5,139.0,1.9,4.0
22192,Vienna,2017,12,0,1,1,Leopoldstadt,2.5,70,3.9,41.0,0.9,4.0
22193,Vienna,2017,12,0,1,1,Margareten,3.0,77,4.0,122.0,1.9,4.0
22193,Vienna,2017,12,0,1,4,Margareten,3.0,403,4.0,122.0,1.9,4.0
22196,Vienna,2017,12,0,1,1,Margareten,4.5,118,4.5,137.0,2.0,4.5
22196,Vienna,2017,12,0,1,4,Margareten,4.5,499,4.5,137.0,2.0,4.5
22198,Vienna,2017,12,0,1,1,Margareten,4.0,123,4.3,144.0,1.5,4.5
22198,Vienna,2017,12,0,1,4,Margareten,4.0,479,4.3,144.0,1.5,4.5
22203,Vienna,2017,12,0,1,1,Margareten,4.0,95,3.9,303.0,1.4,3.5
22203,Vienna,2017,12,0,1,4,Margareten,4.0,445,3.9,303.0,1.4,3.5
22205,Vienna,2017,12,0,1,1,Margareten,3.0,67,4.0,82.0,1.8,4.0
22205,Vienna,2017,12,0,1,4,Margareten,3.0,342,4.0,82.0,1.8,4.0
22206,Vienna,2017,12,0,1,1,Margareten,4.0,129,4.1,248.0,1.3,4.0
22206,Vienna,2017,12,0,1,4,Margareten,4.0,513,4.1,248.0,1.3,4.0
22212,Vienna,2017,12,0,1,1,Mariahilf,3.0,140,4.0,85.0,1.3,4.0
22212,Vienna,2017,12,0,1,4,Mariahilf,3.0,597,4.0,85.0,1.3,4.0
22213,Vienna,2017,12,0,1,1,Mariahilf,2.0,96,3.7,3.0,0.9,
22214,Vienna,2017,12,0,1,1,Mariahilf,4.0,131,4.1,258.0,0.7,4.0
22217,Vienna,2017,12,0,1,1,Mariahilf,2.0,69,4.0,95.0,1.0,4.0
22218,Vienna,2017,12,0,1,1,Mariahilf,3.0,77,3.9,44.0,1.4,3.5
22219,Vienna,2017,12,0,1,1,Mariahilf,4.0,89,4.0,125.0,1.1,4.0
22219,Vienna,2017,12,0,1,4,Mariahilf,4.0,429,4.0,125.0,1.1,4.0
22222,Vienna,2017,12,0,1,1,Mariahilf,3.0,77,4.0,161.0,1.9,4.0
22222,Vienna,2017,12,0,1,4,Mariahilf,3.0,397,4.0,161.0,1.9,4.0
22223,Vienna,2017,12,0,1,1,Mariahilf,4.0,161,4.8,210.0,0.8,5.0
22224,Vienna,2017,12,0,1,1,Mariahilf,4.0,103,4.0,264.0,1.0,4.0
22224,Vienna,2017,12,0,1,4,Mariahilf,4.0,671,4.0,264.0,1.0,4.0
22226,Vienna,2017,12,0,1,1,Mariahilf,4.0,127,4.4,162.0,1.4,4.5
22226,Vienna,2017,12,0,1,4,Mariahilf,4.0,739,4.4,162.0,1.4,4.5
22227,Vienna,2017,12,0,1,1,Mariahilf,3.5,103,4.5,581.0,1.7,4.5
22227,Vienna,2017,12,0,1,4,Mariahilf,3.5,595,4.5,581.0,1.7,4.5
22229,Vienna,2017,12,0,1,1,Mariahilf,3.0,76,3.9,39.0,1.1,3.5
22230,Vienna,2017,12,0,1,1,Mariahilf,4.0,92,3.9,484.0,1.8,4.0
22230,Vienna,2017,12,0,1,4,Mariahilf,4.0,486,3.9,484.0,1.8,4.0
22235,Vienna,2017,12,0,1,1,Mariahilf,4.0,97,3.5,45.0,1.9,4.0
22235,Vienna,2017,12,0,1,4,Mariahilf,4.0,490,3.5,45.0,1.9,4.0
22236,Vienna,2017,12,0,1,1,Mariahilf,4.0,100,3.7,98.0,1.6,3.5
22236,Vienna,2017,12,0,1,4,Mariahilf,4.0,541,3.7,98.0,1.6,3.5
22237,Vienna,2017,12,0,1,1,Mariahilf,4.0,94,4.3,239.0,1.6,4.0
22237,Vienna,2017,12,0,1,4,Mariahilf,4.0,475,4.3,239.0,1.6,4.0
22239,Vienna,2017,12,0,1,1,Neubau,4.0,162,3.7,100.0,0.8,4.0
22239,Vienna,2017,12,0,1,4,Neubau,4.0,706,3.7,100.0,0.8,4.0
22240,Vienna,2017,12,0,1,1,Neubau,5.0,416,4.9,310.0,0.7,5.0
22240,Vienna,2017,12,0,1,4,Neubau,5.0,1857,4.9,310.0,0.7,5.0
22241,Vienna,2017,12,0,1,1,Neubau,3.0,99,4.1,305.0,1.8,4.0
22241,Vienna,2017,12,0,1,4,Neubau,3.0,399,4.1,305.0,1.8,4.0
22246,Vienna,2017,12,0,1,1,Neubau,3.0,91,3.5,141.0,1.6,3.5
22246,Vienna,2017,12,0,1,4,Neubau,3.0,424,3.5,141.0,1.6,3.5
22248,Vienna,2017,12,0,1,1,Neubau,3.0,113,3.7,6.0,0.8,
22248,Vienna,2017,12,0,1,4,Neubau,3.0,556,3.7,6.0,0.8,
22249,Vienna,2017,12,0,1,1,Neubau,4.0,127,4.4,328.0,0.9,4.5
22249,Vienna,2017,12,0,1,4,Neubau,4.0,604,4.4,328.0,0.9,4.5
22250,Vienna,2017,12,0,1,1,Neubau,4.0,205,4.6,123.0,1.0,4.5
22251,Vienna,2017,12,0,1,1,Neubau,2.0,33,3.2,181.0,1.7,3.5
22251,Vienna,2017,12,0,1,4,Neubau,2.0,229,3.2,181.0,1.7,3.5
22252,Vienna,2017,12,0,1,1,Neubau,3.0,129,4.3,77.0,1.0,4.0
22253,Vienna,2017,12,0,1,1,Neubau,4.0,90,4.1,308.0,1.7,4.0
22253,Vienna,2017,12,0,1,4,Neubau,4.0,412,4.1,308.0,1.7,4.0
22254,Vienna,2017,12,0,1,1,Neubau,3.0,141,3.9,54.0,0.8,4.0
22254,Vienna,2017,12,0,1,4,Neubau,3.0,779,3.9,54.0,0.8,4.0
22255,Vienna,2017,12,0,1,1,Neubau,4.0,93,4.3,544.0,1.7,4.0
22255,Vienna,2017,12,0,1,4,Neubau,4.0,527,4.3,544.0,1.7,4.0
22256,Vienna,2017,12,0,1,1,Neubau,4.0,87,4.0,359.0,1.7,4.0
22256,Vienna,2017,12,0,1,4,Neubau,4.0,359,4.0,359.0,1.7,4.0
22259,Vienna,2017,12,0,1,1,Neubau,4.0,109,4.0,98.0,1.4,4.0
22259,Vienna,2017,12,0,1,4,Neubau,4.0,510,4.0,98.0,1.4,4.0
22260,Vienna,2017,12,0,1,1,Neubau,3.0,144,4.1,54.0,1.2,4.5
22260,Vienna,2017,12,0,1,4,Neubau,3.0,540,4.1,54.0,1.2,4.5
22270,Vienna,2017,12,0,1,1,Ottakring,3.0,180,,,5.2,
22270,Vienna,2017,12,0,1,4,Ottakring,3.0,516,,,5.2,
22271,Vienna,2017,12,0,1,1,Ottakring,4.0,75,4.0,83.0,4.1,4.0
22271,Vienna,2017,12,0,1,4,Ottakring,4.0,394,4.0,83.0,4.1,4.0
22275,Vienna,2017,12,0,1,1,Rudolfsheim-Funfhaus,4.0,79,3.9,136.0,1.8,3.5
22275,Vienna,2017,12,0,1,4,Rudolfsheim-Funfhaus,4.0,378,3.9,136.0,1.8,3.5
22277,Vienna,2017,12,0,1,1,Rudolfsheim-Funfhaus,3.0,106,4.5,156.0,1.9,4.5
22277,Vienna,2017,12,0,1,4,Rudolfsheim-Funfhaus,3.0,632,4.5,156.0,1.9,4.5
22279,Vienna,2017,12,0,1,1,Rudolfsheim-Funfhaus,3.0,99,4.1,81.0,2.1,4.0
22279,Vienna,2017,12,0,1,4,Rudolfsheim-Funfhaus,3.0,431,4.1,81.0,2.1,4.0
22281,Vienna,2017,12,0,1,1,Rudolfsheim-Funfhaus,3.0,90,4.1,54.0,2.4,4.5
22281,Vienna,2017,12,0,1,4,Rudolfsheim-Funfhaus,3.0,442,4.1,54.0,2.4,4.5
22285,Vienna,2017,12,0,1,1,Rudolfsheim-Funfhaus,4.0,138,3.7,225.0,3.6,3.5
22286,Vienna,2017,12,0,1,1,Rudolfsheim-Funfhaus,3.0,65,4.0,144.0,2.8,4.0
22288,Vienna,2017,12,0,1,1,Rudolfsheim-Funfhaus,4.0,66,3.7,525.0,2.1,3.5
22288,Vienna,2017,12,0,1,4,Rudolfsheim-Funfhaus,4.0,283,3.7,525.0,2.1,3.5
22289,Vienna,2017,12,0,1,1,Rudolfsheim-Funfhaus,3.0,83,4.1,113.0,2.1,4.0
22289,Vienna,2017,12,0,1,4,Rudolfsheim-Funfhaus,3.0,498,4.1,113.0,2.1,4.0
22293,Vienna,2017,12,0,1,1,Rudolfsheim-Funfhaus,4.0,100,3.9,78.0,1.8,3.0
22293,Vienna,2017,12,0,1,4,Rudolfsheim-Funfhaus,4.0,413,3.9,78.0,1.8,3.0
22295,Vienna,2017,12,0,1,1,Rudolfsheim-Funfhaus,4.5,90,4.3,314.0,2.9,4.0
22295,Vienna,2017,12,0,1,4,Rudolfsheim-Funfhaus,4.5,557,4.3,314.0,2.9,4.0
22296,Vienna,2017,12,0,1,1,Rudolfsheim-Funfhaus,4.0,95,3.9,134.0,1.7,4.0
22296,Vienna,2017,12,0,1,4,Rudolfsheim-Funfhaus,4.0,389,3.9,134.0,1.7,4.0
22299,Vienna,2017,12,0,1,1,Schonbrunn,3.0,68,3.5,38.0,3.6,4.0
22299,Vienna,2017,12,0,1,4,Schonbrunn,3.0,364,3.5,38.0,3.6,4.0
22300,Vienna,2017,12,0,1,1,Schonbrunn,3.0,386,3.7,65.0,2.0,3.5
22300,Vienna,2017,12,0,1,4,Schonbrunn,3.0,1546,3.7,65.0,2.0,3.5
22302,Vienna,2017,12,0,1,1,Schonbrunn,4.0,75,3.7,100.0,2.6,3.5
22303,Vienna,2017,12,0,1,1,Schonbrunn,4.0,213,4.3,910.0,3.6,4.0
22303,Vienna,2017,12,0,1,4,Schonbrunn,4.0,582,4.3,910.0,3.6,4.0
22304,Vienna,2017,12,0,1,1,Schonbrunn,3.0,80,3.5,79.0,3.7,4.0
22304,Vienna,2017,12,0,1,4,Schonbrunn,3.0,378,3.5,79.0,3.7,4.0
22306,Vienna,2017,12,0,1,1,Schonbrunn,3.5,64,4.5,1541.0,2.4,4.5
22306,Vienna,2017,12,0,1,4,Schonbrunn,3.5,369,4.5,1541.0,2.4,4.5
22307,Vienna,2017,12,0,1,1,Schonbrunn,4.0,87,4.4,183.0,2.6,4.0
22307,Vienna,2017,12,0,1,4,Schonbrunn,4.0,422,4.4,183.0,2.6,4.0
22310,Vienna,2017,12,0,1,1,Schonbrunn,3.0,85,2.7,24.0,3.1,3.0
22311,Vienna,2017,12,0,1,1,Schonbrunn,3.5,100,4.5,18.0,2.6,
22311,Vienna,2017,12,0,1,4,Schonbrunn,3.5,402,4.5,18.0,2.6,
22312,Vienna,2017,12,0,1,1,Schonbrunn,4.0,78,4.1,140.0,2.9,4.0
22312,Vienna,2017,12,0,1,4,Schonbrunn,4.0,390,4.1,140.0,2.9,4.0
22317,Vienna,2017,12,0,1,1,Schwechat,3.0,92,4.3,333.0,11.0,4.0
22317,Vienna,2017,12,0,1,4,Schwechat,3.0,361,4.3,333.0,11.0,4.0
22318,Vienna,2017,12,0,1,1,Schwechat,4.0,124,4.0,923.0,11.0,4.0
22318,Vienna,2017,12,0,1,4,Schwechat,4.0,500,4.0,923.0,11.0,4.0
22321,Vienna,2017,12,0,1,1,Schwechat,4.0,123,3.5,73.0,7.8,4.0
22321,Vienna,2017,12,0,1,4,Schwechat,4.0,478,3.5,73.0,7.8,4.0
22322,Vienna,2017,12,0,1,1,Schwechat,3.0,80,3.2,161.0,6.3,3.5
22322,Vienna,2017,12,0,1,4,Schwechat,3.0,311,3.2,161.0,6.3,3.5
22323,Vienna,2017,12,0,1,1,Schwechat,3.0,83,3.5,39.0,6.7,3.5
22323,Vienna,2017,12,0,1,4,Schwechat,3.0,359,3.5,39.0,6.7,3.5
22328,Vienna,2017,12,0,1,1,Vienna,4.0,123,4.0,124.0,2.0,4.0
22328,Vienna,2017,12,0,1,4,Vienna,4.0,428,4.0,124.0,2.0,4.0
22331,Vienna,2017,12,0,1,1,Vienna,3.0,143,3.7,33.0,3.9,3.5
22331,Vienna,2017,12,0,1,4,Vienna,3.0,680,3.7,33.0,3.9,3.5
22333,Vienna,2017,12,0,1,1,Vienna,2.0,55,3.5,57.0,2.4,3.5
22335,Vienna,2017,12,0,1,1,Vienna,4.0,135,4.0,160.0,3.5,3.5
22336,Vienna,2017,12,0,1,1,Vienna,4.5,149,4.3,985.0,2.3,4.5
22336,Vienna,2017,12,0,1,4,Vienna,4.5,587,4.3,985.0,2.3,4.5
22340,Vienna,2017,12,0,1,1,Vienna,4.0,117,4.0,72.0,3.1,4.0
22340,Vienna,2017,12,0,1,4,Vienna,4.0,509,4.0,72.0,3.1,4.0
22341,Vienna,2017,12,0,1,1,Vienna,4.0,74,3.9,65.0,4.8,4.0
22341,Vienna,2017,12,0,1,4,Vienna,4.0,522,3.9,65.0,4.8,4.0
22342,Vienna,2017,12,0,1,4,Vienna,4.0,786,3.7,147.0,3.7,3.5
22344,Vienna,2017,12,0,1,1,Vienna,3.0,57,3.9,50.0,3.9,4.0
22344,Vienna,2017,12,0,1,4,Vienna,3.0,261,3.9,50.0,3.9,4.0
22348,Vienna,2017,12,0,1,1,Vienna,3.0,77,4.0,26.0,3.7,3.5
22348,Vienna,2017,12,0,1,4,Vienna,3.0,425,4.0,26.0,3.7,3.5
22354,Vienna,2017,12,0,1,1,Vienna,3.0,78,4.3,171.0,3.2,4.0
22354,Vienna,2017,12,0,1,4,Vienna,3.0,347,4.3,171.0,3.2,4.0
22355,Vienna,2017,12,0,1,1,Vienna,3.0,76,3.7,34.0,3.3,4.0
22355,Vienna,2017,12,0,1,4,Vienna,3.0,410,3.7,34.0,3.3,4.0
22358,Vienna,2017,12,0,1,1,Vienna,4.0,84,4.0,84.0,2.7,4.0
22358,Vienna,2017,12,0,1,4,Vienna,4.0,384,4.0,84.0,2.7,4.0
22359,Vienna,2017,12,0,1,1,Vienna,4.0,90,4.1,212.0,2.2,4.0
22359,Vienna,2017,12,0,1,4,Vienna,4.0,488,4.1,212.0,2.2,4.0
22362,Vienna,2017,12,0,1,1,Vienna,3.0,106,4.0,12.0,2.4,4.0
22362,Vienna,2017,12,0,1,4,Vienna,3.0,521,4.0,12.0,2.4,4.0
22363,Vienna,2017,12,0,1,1,Vienna,3.0,78,3.0,89.0,4.6,3.0
22364,Vienna,2017,12,0,1,1,Vienna,3.5,100,4.4,74.0,2.7,4.0
22364,Vienna,2017,12,0,1,4,Vienna,3.5,393,4.4,74.0,2.7,4.0
22378,Vienna,2017,12,0,1,1,Voesendorf,4.0,82,3.7,115.0,7.1,3.5
22378,Vienna,2017,12,0,1,4,Voesendorf,4.0,361,3.7,115.0,7.1,3.5
22380,Vienna,2017,12,0,1,1,Wahring,3.0,84,4.4,186.0,1.9,4.5
22380,Vienna,2017,12,0,1,4,Wahring,3.0,414,4.4,186.0,1.9,4.5
22382,Vienna,2017,12,0,1,1,Wahring,4.0,174,4.4,45.0,2.1,4.0
22382,Vienna,2017,12,0,1,4,Wahring,4.0,805,4.4,45.0,2.1,4.0
22384,Vienna,2017,12,0,1,1,Wahring,4.0,75,4.0,168.0,3.0,3.5
22384,Vienna,2017,12,0,1,4,Wahring,4.0,351,4.0,168.0,3.0,3.5
22386,Vienna,2017,12,0,1,1,Wieden,3.5,110,4.5,77.0,1.6,4.5
22386,Vienna,2017,12,0,1,4,Wieden,3.5,529,4.5,77.0,1.6,4.5
22387,Vienna,2017,12,0,1,1,Wieden,3.0,90,4.3,72.0,1.6,4.0
22387,Vienna,2017,12,0,1,4,Wieden,3.0,402,4.3,72.0,1.6,4.0
22388,Vienna,2017,12,0,1,1,Wieden,4.0,118,4.1,158.0,1.0,4.0
22389,Vienna,2017,12,0,1,1,Wieden,3.5,114,4.5,15.0,0.9,
22390,Vienna,2017,12,0,1,1,Wieden,3.0,101,4.3,291.0,1.3,4.0
22390,Vienna,2017,12,0,1,4,Wieden,3.0,445,4.3,291.0,1.3,4.0
22391,Vienna,2017,12,0,1,1,Wieden,4.0,172,4.8,317.0,0.8,4.5
22391,Vienna,2017,12,0,1,4,Wieden,4.0,1021,4.8,317.0,0.8,4.5
22394,Vienna,2017,12,0,1,1,Wieden,4.0,125,4.5,280.0,1.2,4.0
22394,Vienna,2017,12,0,1,4,Wieden,4.0,587,4.5,280.0,1.2,4.0
22395,Vienna,2017,12,0,1,1,Wieden,4.0,125,4.4,47.0,1.2,4.5
22395,Vienna,2017,12,0,1,4,Wieden,4.0,640,4.4,47.0,1.2,4.5
22397,Vienna,2017,12,0,1,1,Wieden,4.0,189,4.5,125.0,0.8,4.5
22397,Vienna,2017,12,0,1,4,Wieden,4.0,820,4.5,125.0,0.8,4.5
22399,Vienna,2017,12,0,1,1,Wieden,3.0,111,3.9,112.0,0.8,4.0
22401,Vienna,2017,12,0,1,1,Wieden,3.0,94,4.0,77.0,1.2,4.0
22401,Vienna,2017,12,0,1,4,Wieden,3.0,479,4.0,77.0,1.2,4.0
22402,Vienna,2017,12,0,1,1,Wieden,4.0,95,4.1,572.0,1.5,4.0
22402,Vienna,2017,12,0,1,4,Wieden,4.0,400,4.1,572.0,1.5,4.0
22403,Vienna,2017,12,0,1,1,Wieden,3.0,85,3.4,53.0,1.5,3.0
22403,Vienna,2017,12,0,1,4,Wieden,3.0,360,3.4,53.0,1.5,3.0
22406,Vienna,2017,12,0,1,1,Wieden,5.0,219,4.3,145.0,0.8,4.0
22406,Vienna,2017,12,0,1,4,Wieden,5.0,1050,4.3,145.0,0.8,4.0
22407,Vienna,2017,12,0,1,4,Wieden,4.0,715,4.4,112.0,1.0,4.5
22408,Vienna,2017,12,0,1,1,Wieden,3.0,68,3.2,169.0,1.4,3.0
22408,Vienna,2017,12,0,1,4,Wieden,3.0,331,3.2,169.0,1.4,3.0
